folder,item_id,child_count,total_bytes,layout,priority,needs_regen,reasons
1028_쯔바이14ct금은사,237045D15C2B651C!s58b54790530941568dac7b552b694763,3,1537226,4분할_subfolder,3,False,ok
103_크로바수틀_15cm,237045D15C2B651C!s6c16f74952ae45d6a89ab28664eeb104,3,1216127,4분할_subfolder,3,False,ok
105_크로바수틀_10cm,237045D15C2B651C!sbba7dbb6c1644813924a6515dea97159,3,1152118,4분할_subfolder,3,False,ok
1068_자수실48색보빈함,237045D15C2B651C!sa13a28de9870423da56a3a8dbaa6c80c,3,1308409,4분할_subfolder,3,False,ok
1069_자수실100색보빈함,237045D15C2B651C!s1e862fd733c44a6db4ec8d083b14c24b,3,1425193,4분할_subfolder,3,False,ok
1143_프랑스자수_기초_패키지_96색_세트_자수실_부자재_포함_DIY_입문_풀키트,237045D15C2B651C!sfb004bfc25444a37b52f6fce7436a9a2,3,1266760,4분할_subfolder,3,False,ok
1169_국산_금사_은사_펄_아이다_십자수_원단_1마_14ct_18ct_반짝이_자수_원단,237045D15C2B651C!sf48dbdc87e8343c1bf94aa3d36058546,3,1353740,4분할_subfolder,3,False,ok
1170_독일_쯔바이_18ct_십자수원단_은사_원단_-_1마(90x130cm),237045D15C2B651C!s900e74a3ecc348dd9055346c24b25b5c,3,1306256,4분할_subfolder,3,False,ok
1190_감나무_보석십자수_DIY_키트_풍수_인테리어_결실_행운_작품_1번,237045D15C2B651C!s38a9cba1b63a4efe8ba34677c860d6ec,3,1258659,4분할_subfolder,3,False,ok
1235_독일_쯔바이_14ct_금사·은사_아이다_십자수_원단_1／4마_프리미엄_자수_천_DIY_재료,237045D15C2B651C!s17f7e1cf77cf45e99cfc88832c27fab6,3,1378595,4분할_subfolder,3,False,ok
1236_국산_금사·은사_아이다_14ct_십자수_원단_1／4마_반짝이는_고급_자수_천_DIY_재료,237045D15C2B651C!s6765dc6510bb4c5caac13f28ef3d100b,3,1335355,4분할_subfolder,3,False,ok
138_베이직린넨_6종,237045D15C2B651C!s49b3dae2e7af48069f322f660421a5ae,3,1152292,4분할_subfolder,3,False,ok
1418_보빈함_포함_자수실_40색_80색_세트_4m_프랑스자수_십자수_실_정리_케이스_DIY,237045D15C2B651C!s80e02957ed794a7ca33d4f5c4eadc105,3,1198293,4분할_subfolder,3,False,ok
146_크로바_실따개,237045D15C2B651C!s3b4ac4b7325f4d628283137b3f533437,3,1126350,4분할_subfolder,3,False,ok
1627_독일_쯔바이(Zweigart)_18ct_십자수_원단_금사_은사_원단_1마_90x130_자수원단,237045D15C2B651C!sce38a586e39d48a0a1bb6cd68a9c79cc,3,1293257,4분할_subfolder,3,False,ok
166_매직캔버스_화이트,237045D15C2B651C!s2b48fbc04a524a049bf15ee1000bb4b4,3,1366809,4분할_subfolder,3,False,ok
1736_크로바_모사용_코바늘_펜E_세트_43-606_뜨개질_바늘,237045D15C2B651C!s692f19e721c84c6583baf3584aa1f186,3,1000961,4분할_subfolder,3,False,ok
1782_프랑스자수_순면_조각천_2사이즈_옵션_자수_원단_공예용_패브릭,237045D15C2B651C!sd1d9a0e930f449cd8c1e30cb82af3870,3,1267194,4분할_subfolder,3,False,ok
1862_DMC_에코비타_자수실_얇은_울사_60색_풀세트_자수실세트,237045D15C2B651C!s6b4a10f2df1a40e28c3eb7a185288b17,3,1448585,4분할_subfolder,3,False,ok
1873_아이다_28ct_십자수_원단_화이트_14마_프랑스자수_DIY_자수천,237045D15C2B651C!se557e05c1cbb45f7bf469f14587b0edf,3,1034991,4분할_subfolder,3,False,ok
19_보석십자수 코팅제 광택 마감제 120ml 완성작 보호 코팅,237045D15C2B651C!s33187ca234e34c4583ba891317ee8be7,5,537817,flat_01_04,1,True,flat_layout_missing_composite_folder;small_folder_bytes
202_DMC_자수실_489색_풀세트_DMC_24호_바늘증정,237045D15C2B651C!s3f01f1520bbd4db8b9dd7a0be627aef7,3,1348091,4분할_subfolder,3,False,ok
221_앵커_베리에이션_자수실_12색_세트,237045D15C2B651C!s0587e131014f4a139fbaf007f7691585,3,1286677,4분할_subfolder,3,False,ok
225_앵커_복합사_자수실_16색_세트,237045D15C2B651C!s90a55ccea213465eadf3d397b9f16267,3,1419484,4분할_subfolder,3,False,ok
251_독일_앵커_자수실_60색_세트,237045D15C2B651C!scf0481d2311b4a9bbf15bcfd819a0c7b,3,1472131,4분할_subfolder,3,False,ok
27_원단용 핑킹가위 톱니형 5mm 재단 가위 올풀림 방지 재봉 수예용품,237045D15C2B651C!se6a01bd2ef024ee380612e099d655c1d,5,509116,flat_01_04,1,True,flat_layout_missing_composite_folder;small_folder_bytes
30_ANCHOR_25번_베리에이션24색,237045D15C2B651C!s6982665903d04f9d8b10dc4f464367c1,3,1492736,4분할_subfolder,3,False,ok
310_자수실_80색_세트_보빈함_수납,237045D15C2B651C!s0708b6ec09e8464a97f41734149c0ca6,3,1196728,4분할_subfolder,3,False,ok
388_DMC_25번_자수실_100색_세트,237045D15C2B651C!s169fc0ded6944fc8a1cfce1beda679b7,3,1488817,4분할_subfolder,3,False,ok
389_DMC_25번_자수실_50색_세트,237045D15C2B651C!s9ca5def623774418a09582a1acb04d64,3,1402877,4분할_subfolder,3,False,ok
399_DMC_25번_자수실_베리에이션_60색_세트,237045D15C2B651C!s0e00c9ddca85486ba3dda0fd43c94a34,3,1550980,4분할_subfolder,3,False,ok
39_고급형 스텐 핀셋 곡선형 12cm 정밀 핀셋 비즈 네일 공예용,237045D15C2B651C!sbf5ab54c3ea14687bf861098e4475384,5,205410,flat_01_04,1,True,flat_layout_missing_composite_folder;small_folder_bytes
400_DMC_25번_자수실_베리에이션_30색_세트,237045D15C2B651C!s3b003e09e410430697acc8f187d448bd,3,1416900,4분할_subfolder,3,False,ok
401_DMC_베리에이션_자수실_23색_세트,237045D15C2B651C!s2a5919ff64a845bb966881ec7a1f2210,3,1389335,4분할_subfolder,3,False,ok
406_DMC_베리에이션_자수실_60색_택1,237045D15C2B651C!scbe29f2f6c7a4994b3fff0200370709e,3,1457602,4분할_subfolder,3,False,ok
407_DMC_베리에이션_자수실_23색_택1,237045D15C2B651C!s60b43f47d6284b81bb515017253a8af8,3,1593533,4분할_subfolder,3,False,ok
42_크래프트 와이어 실버 5yd 1.5mm 공예 철사 플라워아트 DIY 와이,237045D15C2B651C!s5e273badc87945c0bbf9c2d06e0585a6,5,31991,flat_01_04,0,True,flat_layout_missing_composite_folder;critically_small_folder
439_DMC_복합사_18종_자수실_그라데이션_택1,237045D15C2B651C!sac13856e572b4cc589cd14436451a841,3,1473820,4분할_subfolder,3,False,ok
440_DMC_라이트이펙트사_금사_은사_메탈릭_자수실_택1,237045D15C2B651C!scf2c0eba7afc4d1d8bfe5802ede4842f,3,1392625,4분할_subfolder,3,False,ok
442_DMC_메탈릭_롤_금사_은사_자수실,237045D15C2B651C!s360bb2961e9e490b96db6c243a777662,3,1105166,4분할_subfolder,3,False,ok
44_SKC 통가죽 코인골무 손바느질 재봉 수예 골무,237045D15C2B651C!s4ed87041603e48cfa62c2dab369716dd,5,473827,flat_01_04,1,True,flat_layout_missing_composite_folder;small_folder_bytes
47_양모펠트 니들펠트 기본 바늘 교체침 7개입 펠트공예 DIY 필수 소모품,237045D15C2B651C!sdea6d17c27d4438f937563cf05b283e1,5,33069,flat_01_04,0,True,flat_layout_missing_composite_folder;critically_small_folder
48_SKC 양모 니들펠트 3본침 펠트바늘 니들펠트 바늘 공예 DIY 도구,237045D15C2B651C!se8e00f5a94b74ac28e6dd23c90eefeef,5,24502,flat_01_04,0,True,flat_layout_missing_composite_folder;critically_small_folder
491_DMC_라이트_이팩트사_36색_풀세트_메탈릭_자수실,237045D15C2B651C!s38a9de8c547144ce8de890a04f7d4211,3,1644413,4분할_subfolder,3,False,ok
492_DMC_25번_복합사_18색_세트_그라데이션_자수실,237045D15C2B651C!s829c09c1bfb941ada68461b622f4a1c0,3,1371915,4분할_subfolder,3,False,ok
49_SKC 양모 니들펠트 1본침 펠트바늘 니들펠트 기본 바늘 공예 DIY 도,237045D15C2B651C!s2713bafb5d774ac483437838619e56c4,5,21767,flat_01_04,0,True,flat_layout_missing_composite_folder;critically_small_folder
50_SKC 양모 니들펠트 7본침 펠트바늘 니들펠트 바늘 대면적 작업 DIY,237045D15C2B651C!s50c70ad21a6f428ebcbcdbc831ea2139,5,39802,flat_01_04,0,True,flat_layout_missing_composite_folder;critically_small_folder
53_8사이즈 독일 원목 원형수틀 프랑스자수 십자수 자수틀,237045D15C2B651C!sd52318820162435c9a657ad60e8b84e1,5,37556,flat_01_04,0,True,flat_layout_missing_composite_folder;critically_small_folder
570_후직스_MOCO_자수실_단색_40색_세트,237045D15C2B651C!scd058b7f5e6d41098bb69953211ee175,3,1134993,4분할_subfolder,3,False,ok
571_후직스_MOCO_자수실_멀티색상_20색,237045D15C2B651C!s01e6465f217448d7a180c709f472f7a3,3,1294001,4분할_subfolder,3,False,ok
572_후직스_MOCO_자수실_단색_20색,237045D15C2B651C!s9a4043bce57545a89847012f334d6eac,3,1196847,4분할_subfolder,3,False,ok
57_프랑스자수 순면 조각천 2사이즈 옵션 자수 원단 공예용 패브릭,237045D15C2B651C!s6b78f3e3ffe34edd9f86f3cc1080ee5e,5,236134,flat_01_04,1,True,flat_layout_missing_composite_folder;small_folder_bytes
58_무지코튼블루6종,237045D15C2B651C!se0a23e7d9b3d4c5aae588355f3bc4ac8,3,1409640,4분할_subfolder,3,False,ok
59_원목 탁상형 자수 수틀 받침대 후프 거치대 높이조절 작업 스탠드 (수틀미,237045D15C2B651C!sef8f4ea47747430ca2cab51fda74d072,5,31459,flat_01_04,0,True,flat_layout_missing_composite_folder;critically_small_folder
60_특대형 대나무 원형 수틀 37cm 41cm 선택 자수틀 십자수 자수 고정,237045D15C2B651C!s46b1868f8d4247d0bb3c1817a45d7957,5,109893,flat_01_04,0,True,flat_layout_missing_composite_folder;critically_small_folder
61_드림캐쳐 마크라메 링 DIY 메탈링 O링 공예용 10종 택1 만들기 재료,237045D15C2B651C!sa1ebf3c52c904134bac718d5a320ada8,5,117762,flat_01_04,0,True,flat_layout_missing_composite_folder;critically_small_folder
62_타원형 우드 수틀 4사이즈 택1 자수 십자수 프레임 원단 고정 DIY 공,237045D15C2B651C!sc25c5ed9aed949658e27d1d15dd42f89,5,26157,flat_01_04,0,True,flat_layout_missing_composite_folder;critically_small_folder
634_DMC_울사_자수실_414색_택1,237045D15C2B651C!sd3a31b058438435f8f408b747836e009,3,1423980,4분할_subfolder,3,False,ok
63_원목 원형 좌식 수틀 30cm 자수틀 십자수 거치대 수예 프레임 DIY,237045D15C2B651C!sa0f8851bc23e47139c5620bf2dacb955,5,38106,flat_01_04,0,True,flat_layout_missing_composite_folder;critically_small_folder
641_DMC_울사_태피스트리_입체자수_자수실_풀세트,237045D15C2B651C!sfa03fa2087244d0a9f21c1f2cb8c7019,3,1545878,4분할_subfolder,3,False,ok
64_SKC 타원형 플라스틱 컬러수틀 L 11.4x22.8cm 자수 수예틀,237045D15C2B651C!s7f6513aa5a2a46cf975433d03b234849,5,36846,flat_01_04,0,True,flat_layout_missing_composite_folder;critically_small_folder
71_DMC 자수실 489색 풀세트 + DMC 24호 바늘세트 증정 프랑스자수,237045D15C2B651C!seb8253240310487895e550dcd2b6fb8f,5,35848,flat_01_04,0,True,flat_layout_missing_composite_folder;critically_small_folder
940_후직스_MOCO_자수실_60색_세트_입체_자수실_십자수_DIY_공예_실,237045D15C2B651C!s035357e1da814cc88aeff78c333bd59a,3,1307267,4분할_subfolder,3,False,ok
949_보빈함_포함_면사_베리에이션_자수실_84색_세트_십자수_DIY_공예_실_풀세트,237045D15C2B651C!sc316fbc49af9438e9af1c81c69e4c217,3,1392438,4분할_subfolder,3,False,ok
973_면사_자수실_200색_세트_베리에이션사_포함_158색+42색_십자수_자수_DIY_공예_실_풀세트,237045D15C2B651C!s9558044319fb49eab08156b49b1a22a8,3,1272403,4분할_subfolder,3,False,ok
979_DMC_에뚜알_자수실_35색_세트_프리미엄_반짝이_자수실_십자수_자수_DIY_공예_풀세트,237045D15C2B651C!s6d7a0a2df35d4325a628dfedcdb01dcc,3,1460154,4분할_subfolder,3,False,ok
980_DMC_에뚜알_자수실_35색_택1_반짝이_자수실_프랑스_수입_십자수_자수_DIY_공예_실,237045D15C2B651C!sbdad370ee6c04b56aa5e11f7010106ca,3,1419841,4분할_subfolder,3,False,ok
